insert into cozinha (id, nome) values (1, 'Tailandesa');
insert into cozinha (id, nome) values (2, 'Indiana');
insert into cozinha (id, nome) values (3, 'Argentina');
insert into cozinha (id, nome) values (4, 'Brasileira');

insert into forma_pagamento (id, descricao) values (1, 'Dinheiro');
insert into forma_pagamento (id, descricao) values (2, 'Cartão');
insert into forma_pagamento (id, descricao) values (3, 'Pix');

insert into permissao (nome, descricao) values ('listar', 'listar entidades');
insert into permissao (nome, descricao) values ('cadastrar', 'cadastrar entidades');
insert into permissao (nome, descricao) values ('editar', 'editar entidades');

insert into estado (id, nome) values (1, 'MG');
insert into estado (id, nome) values (2, 'SP');
insert into estado (id, nome) values (3, 'RS');

insert into cidade (id, nome, estado_id) values (1, 'Uberlândia', 1);
insert into cidade (id, nome, estado_id) values (2, 'Belo Horizonte', 1);
insert into cidade (id, nome, estado_id) values (3, 'São Paulo', 2);
insert into cidade (id, nome, estado_id) values (4, 'Campinas', 2);
insert into cidade (id, nome, estado_id) values (5, 'Fortaleza', 3);

insert into restaurante (id, nome, taxa_frete, cozinha_id, data_cadastro, data_atualizacao, endereco_cidade_id, endereco_cep, endereco_logradouro, endereco_numero, endereco_bairro) values (1, 'Restaurante 1', 5, 1, utc_timestamp, utc_timestamp, 1, '38400-999', 'Rua João Pinheiro', '1000', 'Centro');
insert into restaurante (id, nome, taxa_frete, cozinha_id, data_cadastro, data_atualizacao, endereco_cidade_id, endereco_cep, endereco_logradouro, endereco_numero, endereco_bairro) values (2, 'Restaurante 2', 5.5, 2, utc_timestamp, utc_timestamp, 2, '38500-888', 'Rua Cristovao Colombo', '2000', 'Agua Vermelha');
insert into restaurante (id, nome, taxa_frete, cozinha_id, data_cadastro, data_atualizacao, endereco_cidade_id, endereco_cep, endereco_logradouro, endereco_numero, endereco_bairro) values (3, 'Restaurante 3', 4.5, 3, utc_timestamp, utc_timestamp, 3, '38600-777', 'Rua Maria Hilda', '3000', 'Nossa Sra. Aparecida');
insert into restaurante (id, nome, taxa_frete, cozinha_id, data_cadastro, data_atualizacao, endereco_cidade_id, endereco_cep, endereco_logradouro, endereco_numero, endereco_bairro) values (4, 'Restaurante 4', 9, 4, utc_timestamp, utc_timestamp, 3, '38700-555', 'Rua Governador Valadares', '4000', 'Jardim das Acacias');
insert into restaurante (id, nome, taxa_frete, cozinha_id, data_cadastro, data_atualizacao, endereco_cidade_id, endereco_cep, endereco_logradouro, endereco_numero, endereco_bairro) values (5, 'Restaurante 5', 8.5, 1, utc_timestamp, utc_timestamp, 3, '38800-444', 'Rua Sao Paulo', '5000', 'Quinzinho');
insert into restaurante (id, nome, taxa_frete, cozinha_id, data_cadastro, data_atualizacao, endereco_cidade_id, endereco_cep, endereco_logradouro, endereco_numero, endereco_bairro) values (6, 'Restaurante 6', 6.3, 2, utc_timestamp, utc_timestamp, 3, '38900-333', 'Rua Marechal Deodoro', '6000', 'Engenho de Serra');

insert into restaurante_forma_pagamento (restaurante_id, forma_pagamento_id) values (1, 1), (1, 2), (1, 3), (2, 3), (3, 2), (3, 3), (4, 1), (4, 2), (5, 1), (5, 2), (6, 3);

insert into produto (nome, descricao, preco, ativo, restaurante_id) values ('Porco com molho agridoce', 'Deliciosa carne suína ao molho especial', 78.90, 1, 1);
insert into produto (nome, descricao, preco, ativo, restaurante_id) values ('Camarão tailandês', '16 camarões grandes ao molho picante', 110, 1, 1);

insert into produto (nome, descricao, preco, ativo, restaurante_id) values ('Salada picante com carne grelhada', 'Salada de folhas com cortes finos de carne bovina grelhada e nosso molho especial de pimenta vermelha', 87.20, 1, 2);

insert into produto (nome, descricao, preco, ativo, restaurante_id) values ('Garlic Naan', 'Pão tradicional indiano com cobertura de alho', 21, 1, 3);
insert into produto (nome, descricao, preco, ativo, restaurante_id) values ('Murg Curry', 'Cubos de frango preparados com molho curry e especiarias', 43, 1, 3);

insert into produto (nome, descricao, preco, ativo, restaurante_id) values ('Bife Ancho', 'Corte macio e suculento, com dois dedos de espessura, retirado da parte dianteira do contrafilé', 79, 1, 4);
insert into produto (nome, descricao, preco, ativo, restaurante_id) values ('T-Bone', 'Corte muito saboroso, com um osso em formato de T, sendo de um lado o contrafilé e do outro o filé mignon', 89, 1, 4);

insert into produto (nome, descricao, preco, ativo, restaurante_id) values ('Sanduíche X-Tudo', 'Sandubão com muito queijo, hamburger bovino, bacon, ovo, salada e maionese', 19, 1, 5);

insert into produto (nome, descricao, preco, ativo, restaurante_id) values ('Espetinho de Cupim', 'Acompanha farinha, mandioca e vinagrete', 8, 1, 6);

